{
  "name": "Inventory Form",
  "nodes": [
    {
      "parameters": {
        "operation": "executeQuery",
        "query": "SELECT upsert_stock_item(\n  $1::TEXT, \n  $2::TEXT, \n  $3::TEXT, \n  $4::TEXT, \n  $5::NUMERIC,   -- 단가 (INT8 → NUMERIC 변경)\n  $6::INT8, \n  $7::INT8\n) as result",
        "options": {
          "queryReplacement": "={{ [\n  $json['구분명'],\n  $json['품목명[규격]'],\n  $json['비고'] || '',\n  $json['품목코드'] || '',\n  $json['단가'],\n  $json['전월수량'],\n  $json['현재수량']\n] }}"
        }
      },
      "type": "n8n-nodes-base.postgres",
      "typeVersion": 2.6,
      "position": [
        -336,
        -512
      ],
      "id": "a9bea0ae-4431-461c-83b6-b713ba699554",
      "name": "Inventory DB",
      "credentials": {
        "postgres": {
          "id": "2gQEpOURQxyerhGd",
          "name": "Postgres K1solution"
        }
      }
    },
    {
      "parameters": {
        "formTitle": "📦재고등록",
        "formDescription": "신규품목을 입력해주세요.",
        "formFields": {
          "values": [
            {
              "fieldLabel": "구분명",
              "fieldType": "dropdown",
              "fieldOptions": {
                "values": [
                  {
                    "option": "신천등기구_조립"
                  },
                  {
                    "option": "신천등기구_미조립"
                  },
                  {
                    "option": "루넥스등기구"
                  },
                  {
                    "option": "유니온SMPS"
                  },
                  {
                    "option": "K1모듈"
                  },
                  {
                    "option": "세종&교은모듈"
                  },
                  {
                    "option": "네오네온모듈"
                  },
                  {
                    "option": "하네스"
                  },
                  {
                    "option": "모듈생산창고"
                  },
                  {
                    "option": "기타재고"
                  },
                  {
                    "option": "킹브라이트렌즈"
                  },
                  {
                    "option": "백룡등기구"
                  },
                  {
                    "option": "기민전자, 엔에스,나이스테크등기구"
                  },
                  {
                    "option": "크리패키지"
                  },
                  {
                    "option": "오스람패키지"
                  },
                  {
                    "option": "서울반도체패키지"
                  },
                  {
                    "option": "삼성패키지"
                  },
                  {
                    "option": "엘지패키지"
                  },
                  {
                    "option": "루멘스&루미레즈패키지"
                  },
                  {
                    "option": "씨앤지옵틱렌즈"
                  },
                  {
                    "option": "ILENS렌즈"
                  },
                  {
                    "option": "유니온K1재고"
                  }
                ]
              },
              "requiredField": true
            },
            {
              "fieldLabel": "품목명[규격]",
              "placeholder": "S-보안등기구-AB [2구]",
              "requiredField": true
            },
            {
              "fieldLabel": "비고",
              "placeholder": "(10개 전선 불량)"
            },
            {
              "fieldLabel": "품목코드",
              "placeholder": "LHSCD0SE2-AB"
            },
            {
              "fieldLabel": "단가",
              "fieldType": "number",
              "placeholder": "10,000",
              "requiredField": true
            },
            {
              "fieldLabel": "전월수량",
              "fieldType": "number",
              "placeholder": "100",
              "requiredField": true
            },
            {
              "fieldLabel": "현재수량",
              "fieldType": "number",
              "placeholder": "100",
              "requiredField": true
            }
          ]
        },
        "options": {
          "appendAttribution": false,
          "buttonLabel": "제출",
          "path": "inventory",
          "useWorkflowTimezone": true,
          "customCss": ":root {\n\t--font-family: 'Open Sans', sans-serif;\n\t--font-weight-normal: 400;\n\t--font-weight-bold: 600;\n\t--font-size-body: 12px;\n\t--font-size-label: 14px;\n\t--font-size-test-notice: 12px;\n\t--font-size-input: 14px;\n\t--font-size-header: 20px;\n\t--font-size-paragraph: 14px;\n\t--font-size-link: 12px;\n\t--font-size-error: 12px;\n\t--font-size-html-h1: 28px;\n\t--font-size-html-h2: 20px;\n\t--font-size-html-h3: 16px;\n\t--font-size-html-h4: 14px;\n\t--font-size-html-h5: 12px;\n\t--font-size-html-h6: 10px;\n\t--font-size-subheader: 14px;\n\n\t/* Colors */\n\t--color-background: #fbfcfe;\n\t--color-test-notice-text: #e6a23d;\n\t--color-test-notice-bg: #fefaf6;\n\t--color-test-notice-border: #f6dcb7;\n\t--color-card-bg: #ffffff;\n\t--color-card-border: #dbdfe7;\n\t--color-card-shadow: rgba(99, 77, 255, 0.06);\n\t--color-link: #7e8186;\n\t--color-header: #525356;\n\t--color-label: #555555;\n\t--color-input-border: #dbdfe7;\n\t--color-input-text: #71747A;\n\t--color-focus-border: rgb(90, 76, 194);\n\t\n\t/* 🔵 변경: 버튼 배경색 (빨간색 → 파란색) */\n\t--color-submit-btn-bg: #4A90E2;  /* 기존: #ff6d5a */\n\t\n\t--color-submit-btn-text: #ffffff;\n\t--color-error: #ea1f30;\n\t\n\t/* 🔵 변경: 필수 표시(*) 색상 (빨간색 → 파란색) */\n\t--color-required: #4A90E2;  /* 기존: #ff6d5a */\n\t\n\t--color-clear-button-bg: #7e8186;\n\t--color-html-text: #555;\n\t\n\t/* 🔵 변경: HTML 링크 색상 (빨간색 → 파란색) */\n\t--color-html-link: #4A90E2;  /* 기존: #ff6d5a */\n\t\n\t--color-header-subtext: #7e8186;\n\n\t/* Border Radii */\n\t--border-radius-card: 8px;\n\t--border-radius-input: 6px;\n\t--border-radius-clear-btn: 50%;\n\t--card-border-radius: 8px;\n\n\t/* Spacing */\n\t--padding-container-top: 24px;\n\t--padding-card: 24px;\n\t--padding-test-notice-vertical: 12px;\n\t--padding-test-notice-horizontal: 24px;\n\t--margin-bottom-card: 16px;\n\t--padding-form-input: 12px;\n\t--card-padding: 24px;\n\t--card-margin-bottom: 16px;\n\n\t/* Dimensions */\n\t--container-width: 448px;\n\t--submit-btn-height: 48px;\n\t--checkbox-size: 18px;\n\n\t/* Others */\n\t--box-shadow-card: 0px 4px 16px 0px var(--color-card-shadow);\n\t--opacity-placeholder: 0.5;\n}"
        }
      },
      "type": "n8n-nodes-base.formTrigger",
      "typeVersion": 2.2,
      "position": [
        -656,
        -512
      ],
      "id": "72451bbe-63d8-416f-9c58-18003012b316",
      "name": "Inventory Form",
      "webhookId": "f5705655-b1e9-40a0-8de1-40e5bfed3dac"
    },
    {
      "parameters": {
        "operation": "completion",
        "completionTitle": "📦재고정보",
        "completionMessage": "입력이 완료되었습니다.\n",
        "options": {}
      },
      "type": "n8n-nodes-base.form",
      "typeVersion": 1,
      "position": [
        -496,
        -512
      ],
      "id": "ab42705b-f790-4203-96ee-fad903a650d3",
      "name": "Inventory Ending",
      "webhookId": "6a9f756a-7297-4275-aaeb-4b23f30a9c05"
    },
    {
      "parameters": {
        "conditions": {
          "options": {
            "caseSensitive": true,
            "leftValue": "",
            "typeValidation": "loose",
            "version": 3
          },
          "conditions": [
            {
              "id": "f4e3a106-20e4-4250-8ea2-c57cff05a5df",
              "leftValue": "={{ $json.result.success }}",
              "rightValue": false,
              "operator": {
                "type": "boolean",
                "operation": "true",
                "singleValue": true
              }
            }
          ],
          "combinator": "and"
        },
        "looseTypeValidation": true,
        "options": {}
      },
      "type": "n8n-nodes-base.if",
      "typeVersion": 2.3,
      "position": [
        -160,
        -512
      ],
      "id": "345d895a-3d80-4a37-be28-5de0b01242b3",
      "name": "If"
    },
    {
      "parameters": {},
      "type": "n8n-nodes-base.noOp",
      "typeVersion": 1,
      "position": [
        16,
        -336
      ],
      "id": "a73ac049-94af-4bab-a15b-1e63eff783b6",
      "name": "No Operation"
    },
    {
      "parameters": {
        "authentication": "serviceAccount",
        "operation": "append",
        "documentId": {
          "__rl": true,
          "value": "1ZuHVFhnJltG5Q2hdGO1kL_iPCJ9cmQ6C1JqqpIy5OmE",
          "mode": "list",
          "cachedResultName": "케이원솔루션 재고관리",
          "cachedResultUrl": "https://docs.google.com/spreadsheets/d/1ZuHVFhnJltG5Q2hdGO1kL_iPCJ9cmQ6C1JqqpIy5OmE/edit?usp=drivesdk"
        },
        "sheetName": {
          "__rl": true,
          "value": 1411429421,
          "mode": "list",
          "cachedResultName": "현재수량",
          "cachedResultUrl": "https://docs.google.com/spreadsheets/d/1ZuHVFhnJltG5Q2hdGO1kL_iPCJ9cmQ6C1JqqpIy5OmE/edit#gid=1411429421"
        },
        "columns": {
          "mappingMode": "defineBelow",
          "value": {
            "품목명[규격]": "={{ $json.result['품목명[규격]'] }}",
            "비고": "={{ $json.result['비고'] }}",
            "구분명": "={{ $json.result['구분명'] }}",
            "품목코드": "={{ $json.result['품목코드'] }}",
            "단가": "={{ $json.result['단가'] }}",
            "전월수량": "={{ $json.result['전월수량'] }}",
            "현재수량": "={{ $json.result['현재수량'] }}",
            "유니크키": "={{ $json.result['유니크키'] }}"
          },
          "matchingColumns": [
            "품목명[규격]"
          ],
          "schema": [
            {
              "id": "구분명",
              "displayName": "구분명",
              "required": false,
              "defaultMatch": false,
              "display": true,
              "type": "string",
              "canBeUsedToMatch": true,
              "removed": false
            },
            {
              "id": "유니크키",
              "displayName": "유니크키",
              "required": false,
              "defaultMatch": false,
              "display": true,
              "type": "string",
              "canBeUsedToMatch": true,
              "removed": false
            },
            {
              "id": "품목명[규격]",
              "displayName": "품목명[규격]",
              "required": false,
              "defaultMatch": false,
              "display": true,
              "type": "string",
              "canBeUsedToMatch": true,
              "removed": false
            },
            {
              "id": "비고",
              "displayName": "비고",
              "required": false,
              "defaultMatch": false,
              "display": true,
              "type": "string",
              "canBeUsedToMatch": true,
              "removed": false
            },
            {
              "id": "품목코드",
              "displayName": "품목코드",
              "required": false,
              "defaultMatch": false,
              "display": true,
              "type": "string",
              "canBeUsedToMatch": true,
              "removed": false
            },
            {
              "id": "단가",
              "displayName": "단가",
              "required": false,
              "defaultMatch": false,
              "display": true,
              "type": "string",
              "canBeUsedToMatch": true,
              "removed": false
            },
            {
              "id": "전월수량",
              "displayName": "전월수량",
              "required": false,
              "defaultMatch": false,
              "display": true,
              "type": "string",
              "canBeUsedToMatch": true,
              "removed": false
            },
            {
              "id": "현재수량",
              "displayName": "현재수량",
              "required": false,
              "defaultMatch": false,
              "display": true,
              "type": "string",
              "canBeUsedToMatch": true,
              "removed": false
            },
            {
              "id": "금액",
              "displayName": "금액",
              "required": false,
              "defaultMatch": false,
              "display": true,
              "type": "string",
              "canBeUsedToMatch": true,
              "removed": true
            }
          ],
          "attemptToConvertTypes": false,
          "convertFieldsToString": false
        },
        "options": {}
      },
      "type": "n8n-nodes-base.googleSheets",
      "typeVersion": 4.7,
      "position": [
        16,
        -704
      ],
      "id": "a2382a2a-f391-4fb8-aae9-42e316be3ccd",
      "name": "Inventory Sheets",
      "credentials": {
        "googleApi": {
          "id": "nYGtrltODYG10hbC",
          "name": "Google Service Account account"
        }
      }
    },
    {
      "parameters": {
        "operation": "upsert",
        "base": {
          "__rl": true,
          "value": "appM1U2Sz2x9E4BSF",
          "mode": "list",
          "cachedResultName": "재고관리",
          "cachedResultUrl": "https://airtable.com/appM1U2Sz2x9E4BSF"
        },
        "table": {
          "__rl": true,
          "value": "tblaDpbJ5jB5mnGLi",
          "mode": "list",
          "cachedResultName": "현재수량",
          "cachedResultUrl": "https://airtable.com/appM1U2Sz2x9E4BSF/tblaDpbJ5jB5mnGLi"
        },
        "columns": {
          "mappingMode": "defineBelow",
          "value": {
            "유니크키": "={{ $json['유니크키'] }}",
            "구분명": "={{ $json['구분명'] }}",
            "비고": "={{ $json['비고'] }}",
            "품목명[규격]": "={{ $json['품목명[규격]'] }}",
            "단가": "={{ $json['단가'] }}",
            "전월수량": "={{ $json['전월수량'] }}",
            "현재수량": "={{ $json['현재수량'] }}",
            "품목코드": "={{ $json['품목코드'] }}",
            "재고원가": "={{ \n  ({\n    '신천등기구_조립': '신천등기구',\n    '신천등기구_미조립': '신천등기구',\n    '루넥스등기구': '루넥스등기구',\n    '유니온SMPS': 'SMPS',\n    'K1모듈': 'LED모듈',\n    '세종&교은모듈': 'LED모듈',\n    '네오네온모듈': 'LED모듈',\n    '하네스': '하네스',\n    '모듈생산창고': 'LED모듈 부속자재 외 기타',\n    '기타재고': 'LED모듈 부속자재 외 기타',\n    '킹브라이트렌즈': '킹브라이트렌즈',\n    '백룡등기구': '기타등기구',\n    '기민전자,엔에스,나이스테크등기구': '기타등기구',\n    '크리패키지': 'LED패키지',\n    '오스람패키지': 'LED패키지',\n    '서울반도체패키지': 'LED패키지',\n    '삼성패키지': 'LED패키지',\n    '엘지패키지': 'LED패키지',\n    '루멘스&루미레즈패키지': 'LED패키지',\n    '씨앤지옵틱렌즈': 'LED모듈 부속자재 외 기타',\n    'ILENS렌즈': '',\n    '유니온K1재고': 'SMPS'\n  })[$json['구분명']] || ''\n}}"
          },
          "matchingColumns": [
            "유니크키"
          ],
          "schema": [
            {
              "id": "id",
              "displayName": "id",
              "required": false,
              "defaultMatch": true,
              "display": true,
              "type": "string",
              "readOnly": true,
              "removed": true
            },
            {
              "id": "유니크키",
              "displayName": "유니크키",
              "required": false,
              "defaultMatch": false,
              "canBeUsedToMatch": true,
              "display": true,
              "type": "string",
              "readOnly": false,
              "removed": false
            },
            {
              "id": "구분명",
              "displayName": "구분명",
              "required": false,
              "defaultMatch": false,
              "canBeUsedToMatch": true,
              "display": true,
              "type": "options",
              "options": [
                {
                  "name": "신천등기구_조립",
                  "value": "신천등기구_조립"
                },
                {
                  "name": "신천등기구_미조립",
                  "value": "신천등기구_미조립"
                },
                {
                  "name": "루넥스등기구",
                  "value": "루넥스등기구"
                },
                {
                  "name": "유니온SMPS",
                  "value": "유니온SMPS"
                },
                {
                  "name": "K1모듈",
                  "value": "K1모듈"
                },
                {
                  "name": "세종&교은모듈",
                  "value": "세종&교은모듈"
                },
                {
                  "name": "네오네온모듈",
                  "value": "네오네온모듈"
                },
                {
                  "name": "하네스",
                  "value": "하네스"
                },
                {
                  "name": "모듈생산창고",
                  "value": "모듈생산창고"
                },
                {
                  "name": "기타재고",
                  "value": "기타재고"
                },
                {
                  "name": "킹브라이트렌즈",
                  "value": "킹브라이트렌즈"
                },
                {
                  "name": "백룡등기구",
                  "value": "백룡등기구"
                },
                {
                  "name": "기민전자,엔에스,나이스테크등기구",
                  "value": "기민전자,엔에스,나이스테크등기구"
                },
                {
                  "name": "크리패키지",
                  "value": "크리패키지"
                },
                {
                  "name": "오스람패키지",
                  "value": "오스람패키지"
                },
                {
                  "name": "서울반도체패키지",
                  "value": "서울반도체패키지"
                },
                {
                  "name": "삼성패키지",
                  "value": "삼성패키지"
                },
                {
                  "name": "엘지패키지",
                  "value": "엘지패키지"
                },
                {
                  "name": "루멘스&루미레즈패키지",
                  "value": "루멘스&루미레즈패키지"
                },
                {
                  "name": "씨앤지옵틱렌즈",
                  "value": "씨앤지옵틱렌즈"
                },
                {
                  "name": "ILENS렌즈",
                  "value": "ILENS렌즈"
                },
                {
                  "name": "유니온K1재고",
                  "value": "유니온K1재고"
                }
              ],
              "readOnly": false,
              "removed": false
            },
            {
              "id": "품목명[규격]",
              "displayName": "품목명[규격]",
              "required": false,
              "defaultMatch": false,
              "canBeUsedToMatch": true,
              "display": true,
              "type": "string",
              "readOnly": false,
              "removed": false
            },
            {
              "id": "비고",
              "displayName": "비고",
              "required": false,
              "defaultMatch": false,
              "canBeUsedToMatch": true,
              "display": true,
              "type": "string",
              "readOnly": false,
              "removed": false
            },
            {
              "id": "품목코드",
              "displayName": "품목코드",
              "required": false,
              "defaultMatch": false,
              "canBeUsedToMatch": true,
              "display": true,
              "type": "string",
              "readOnly": false,
              "removed": false
            },
            {
              "id": "단가",
              "displayName": "단가",
              "required": false,
              "defaultMatch": false,
              "canBeUsedToMatch": true,
              "display": true,
              "type": "number",
              "readOnly": false,
              "removed": false
            },
            {
              "id": "전월수량",
              "displayName": "전월수량",
              "required": false,
              "defaultMatch": false,
              "canBeUsedToMatch": true,
              "display": true,
              "type": "number",
              "readOnly": false,
              "removed": false
            },
            {
              "id": "현재수량",
              "displayName": "현재수량",
              "required": false,
              "defaultMatch": false,
              "canBeUsedToMatch": true,
              "display": true,
              "type": "number",
              "readOnly": false,
              "removed": false
            },
            {
              "id": "금액",
              "displayName": "금액",
              "required": false,
              "defaultMatch": false,
              "canBeUsedToMatch": true,
              "display": true,
              "type": "string",
              "readOnly": true,
              "removed": true
            },
            {
              "id": "Last Modified",
              "displayName": "Last Modified",
              "required": false,
              "defaultMatch": false,
              "canBeUsedToMatch": true,
              "display": true,
              "type": "string",
              "readOnly": true,
              "removed": true
            },
            {
              "id": "넘버",
              "displayName": "넘버",
              "required": false,
              "defaultMatch": false,
              "canBeUsedToMatch": true,
              "display": true,
              "type": "string",
              "readOnly": true,
              "removed": true
            },
            {
              "id": "재고원가",
              "displayName": "재고원가",
              "required": false,
              "defaultMatch": false,
              "canBeUsedToMatch": true,
              "display": true,
              "type": "options",
              "options": [
                {
                  "name": "신천등기구",
                  "value": "신천등기구"
                },
                {
                  "name": "루넥스등기구",
                  "value": "루넥스등기구"
                },
                {
                  "name": "SMPS",
                  "value": "SMPS"
                },
                {
                  "name": "LED모듈",
                  "value": "LED모듈"
                },
                {
                  "name": "하네스",
                  "value": "하네스"
                },
                {
                  "name": "LED모듈 부속자재 외 기타",
                  "value": "LED모듈 부속자재 외 기타"
                },
                {
                  "name": "킹브라이트렌즈",
                  "value": "킹브라이트렌즈"
                },
                {
                  "name": "기타등기구",
                  "value": "기타등기구"
                },
                {
                  "name": "LED패키지",
                  "value": "LED패키지"
                }
              ],
              "readOnly": false,
              "removed": false
            }
          ],
          "attemptToConvertTypes": false,
          "convertFieldsToString": false
        },
        "options": {
          "typecast": true
        }
      },
      "type": "n8n-nodes-base.airtable",
      "typeVersion": 2.1,
      "position": [
        208,
        -704
      ],
      "id": "8e7b0134-08cd-45da-8310-1d5a5b3a3009",
      "name": "Inventory Table",
      "credentials": {
        "airtableTokenApi": {
          "id": "z5OjQuTdPV4EC5O3",
          "name": "Airtable Personal Access Token account"
        }
      }
    },
    {
      "parameters": {
        "operation": "executeQuery",
        "query": "WITH stock_data AS (\n  SELECT 유니크키, 전월수량, 현재수량\n  FROM current_stock\n  WHERE 유니크키 = '{{ $json.result['유니크키'] }}'\n),\nupdated_risk AS (\n  UPDATE current_stock cs\n  SET\n    위험재고 = r.위험재고,\n    재고회전 = r.재고회전,\n    상태 = r.상태\n  FROM stock_data sd\n  CROSS JOIN LATERAL calculate_risk_metrics(sd.전월수량, sd.현재수량) r\n  WHERE cs.유니크키 = sd.유니크키\n  RETURNING cs.*\n)\nSELECT \n  유니크키,\n  구분명,\n  \"품목명[규격]\",\n  비고,\n  품목코드,\n  단가,\n  현재수량,\n  전월수량,\n  위험재고,\n  재고회전,\n  상태\nFROM updated_risk;",
        "options": {}
      },
      "type": "n8n-nodes-base.postgres",
      "typeVersion": 2.6,
      "position": [
        16,
        -528
      ],
      "id": "d24f0408-c89d-4bef-8293-07dc67e998d5",
      "name": "Update DB",
      "credentials": {
        "postgres": {
          "id": "2gQEpOURQxyerhGd",
          "name": "Postgres K1solution"
        }
      }
    },
    {
      "parameters": {
        "operation": "upsert",
        "base": {
          "__rl": true,
          "value": "appM1U2Sz2x9E4BSF",
          "mode": "list",
          "cachedResultName": "재고관리",
          "cachedResultUrl": "https://airtable.com/appM1U2Sz2x9E4BSF"
        },
        "table": {
          "__rl": true,
          "value": "tbliDZOh1QwmvERgf",
          "mode": "list",
          "cachedResultName": "위험재고",
          "cachedResultUrl": "https://airtable.com/appM1U2Sz2x9E4BSF/tbliDZOh1QwmvERgf"
        },
        "columns": {
          "mappingMode": "defineBelow",
          "value": {
            "유니크키": "={{ $json['유니크키'] }}",
            "위험재고": "={{ $json['위험재고'] }}",
            "재고회전": "={{ $json['재고회전'] }}",
            "상태": "={{ $json['상태'] }}",
            "현재수량": "={{ $('Update DB').item.json['현재수량'] }}",
            "품목명[규격]": "={{ $json['품목명[규격]'] }}",
            "구분명": "={{ $json['구분명'] }}",
            "비고": "={{ $json['비고'] }}",
            "품목코드": "={{ $json['품목코드'] }}",
            "전월수량": "={{ $('Update DB').item.json['전월수량'] }}",
            "재고원가": "={{ \n  ({\n    '신천등기구_조립': '신천등기구',\n    '신천등기구_미조립': '신천등기구',\n    '루넥스등기구': '루넥스등기구',\n    '유니온SMPS': 'SMPS',\n    'K1모듈': 'LED모듈',\n    '세종&교은모듈': 'LED모듈',\n    '네오네온모듈': 'LED모듈',\n    '하네스': '하네스',\n    '모듈생산창고': 'LED모듈 부속자재 외 기타',\n    '기타재고': 'LED모듈 부속자재 외 기타',\n    '킹브라이트렌즈': '킹브라이트렌즈',\n    '백룡등기구': '기타등기구',\n    '기민전자,엔에스,나이스테크등기구': '기타등기구',\n    '크리패키지': 'LED패키지',\n    '오스람패키지': 'LED패키지',\n    '서울반도체패키지': 'LED패키지',\n    '삼성패키지': 'LED패키지',\n    '엘지패키지': 'LED패키지',\n    '루멘스&루미레즈패키지': 'LED패키지',\n    '씨앤지옵틱렌즈': 'LED모듈 부속자재 외 기타',\n    'ILENS렌즈': '',\n    '유니온K1재고': 'SMPS'\n  })[$json['구분명']] || ''\n}}",
            "단가": "={{ $('Update DB').item.json['단가'] }}"
          },
          "matchingColumns": [
            "유니크키"
          ],
          "schema": [
            {
              "id": "id",
              "displayName": "id",
              "required": false,
              "defaultMatch": true,
              "display": true,
              "type": "string",
              "readOnly": true,
              "removed": true
            },
            {
              "id": "유니크키",
              "displayName": "유니크키",
              "required": false,
              "defaultMatch": false,
              "canBeUsedToMatch": true,
              "display": true,
              "type": "string",
              "readOnly": false,
              "removed": false
            },
            {
              "id": "구분명",
              "displayName": "구분명",
              "required": false,
              "defaultMatch": false,
              "canBeUsedToMatch": true,
              "display": true,
              "type": "options",
              "options": [
                {
                  "name": "신천등기구_조립",
                  "value": "신천등기구_조립"
                },
                {
                  "name": "신천등기구_미조립",
                  "value": "신천등기구_미조립"
                },
                {
                  "name": "루넥스등기구",
                  "value": "루넥스등기구"
                },
                {
                  "name": "유니온SMPS",
                  "value": "유니온SMPS"
                },
                {
                  "name": "K1모듈",
                  "value": "K1모듈"
                },
                {
                  "name": "세종&교은모듈",
                  "value": "세종&교은모듈"
                },
                {
                  "name": "네오네온모듈",
                  "value": "네오네온모듈"
                },
                {
                  "name": "하네스",
                  "value": "하네스"
                },
                {
                  "name": "모듈생산창고",
                  "value": "모듈생산창고"
                },
                {
                  "name": "기타재고",
                  "value": "기타재고"
                },
                {
                  "name": "킹브라이트렌즈",
                  "value": "킹브라이트렌즈"
                },
                {
                  "name": "백룡등기구",
                  "value": "백룡등기구"
                },
                {
                  "name": "기민전자,엔에스,나이스테크등기구",
                  "value": "기민전자,엔에스,나이스테크등기구"
                },
                {
                  "name": "크리패키지",
                  "value": "크리패키지"
                },
                {
                  "name": "오스람패키지",
                  "value": "오스람패키지"
                },
                {
                  "name": "서울반도체패키지",
                  "value": "서울반도체패키지"
                },
                {
                  "name": "삼성패키지",
                  "value": "삼성패키지"
                },
                {
                  "name": "엘지패키지",
                  "value": "엘지패키지"
                },
                {
                  "name": "루멘스&루미레즈패키지",
                  "value": "루멘스&루미레즈패키지"
                },
                {
                  "name": "씨앤지옵틱렌즈",
                  "value": "씨앤지옵틱렌즈"
                },
                {
                  "name": "ILENS렌즈",
                  "value": "ILENS렌즈"
                },
                {
                  "name": "유니온K1재고",
                  "value": "유니온K1재고"
                }
              ],
              "readOnly": false,
              "removed": false
            },
            {
              "id": "품목명[규격]",
              "displayName": "품목명[규격]",
              "required": false,
              "defaultMatch": false,
              "canBeUsedToMatch": true,
              "display": true,
              "type": "string",
              "readOnly": false,
              "removed": false
            },
            {
              "id": "비고",
              "displayName": "비고",
              "required": false,
              "defaultMatch": false,
              "canBeUsedToMatch": true,
              "display": true,
              "type": "string",
              "readOnly": false,
              "removed": false
            },
            {
              "id": "품목코드",
              "displayName": "품목코드",
              "required": false,
              "defaultMatch": false,
              "canBeUsedToMatch": true,
              "display": true,
              "type": "string",
              "readOnly": false,
              "removed": false
            },
            {
              "id": "단가",
              "displayName": "단가",
              "required": false,
              "defaultMatch": false,
              "canBeUsedToMatch": true,
              "display": true,
              "type": "number",
              "readOnly": false,
              "removed": false
            },
            {
              "id": "전월수량",
              "displayName": "전월수량",
              "required": false,
              "defaultMatch": false,
              "canBeUsedToMatch": true,
              "display": true,
              "type": "number",
              "readOnly": false,
              "removed": false
            },
            {
              "id": "현재수량",
              "displayName": "현재수량",
              "required": false,
              "defaultMatch": false,
              "canBeUsedToMatch": true,
              "display": true,
              "type": "number",
              "readOnly": false,
              "removed": false
            },
            {
              "id": "금액",
              "displayName": "금액",
              "required": false,
              "defaultMatch": false,
              "canBeUsedToMatch": true,
              "display": true,
              "type": "string",
              "readOnly": true,
              "removed": true
            },
            {
              "id": "Last Modified",
              "displayName": "Last Modified",
              "required": false,
              "defaultMatch": false,
              "canBeUsedToMatch": true,
              "display": true,
              "type": "string",
              "readOnly": true,
              "removed": true
            },
            {
              "id": "위험재고",
              "displayName": "위험재고",
              "required": false,
              "defaultMatch": false,
              "canBeUsedToMatch": true,
              "display": true,
              "type": "number",
              "readOnly": false,
              "removed": false
            },
            {
              "id": "재고회전",
              "displayName": "재고회전",
              "required": false,
              "defaultMatch": false,
              "canBeUsedToMatch": true,
              "display": true,
              "type": "string",
              "readOnly": false,
              "removed": false
            },
            {
              "id": "상태",
              "displayName": "상태",
              "required": false,
              "defaultMatch": false,
              "canBeUsedToMatch": true,
              "display": true,
              "type": "string",
              "readOnly": false,
              "removed": false
            },
            {
              "id": "넘버",
              "displayName": "넘버",
              "required": false,
              "defaultMatch": false,
              "canBeUsedToMatch": true,
              "display": true,
              "type": "string",
              "readOnly": true,
              "removed": true
            },
            {
              "id": "재고원가",
              "displayName": "재고원가",
              "required": false,
              "defaultMatch": false,
              "canBeUsedToMatch": true,
              "display": true,
              "type": "options",
              "options": [
                {
                  "name": "신천등기구",
                  "value": "신천등기구"
                },
                {
                  "name": "루넥스등기구",
                  "value": "루넥스등기구"
                },
                {
                  "name": "SMPS",
                  "value": "SMPS"
                },
                {
                  "name": "LED모듈",
                  "value": "LED모듈"
                },
                {
                  "name": "하네스",
                  "value": "하네스"
                },
                {
                  "name": "LED모듈 부속자재 외 기타",
                  "value": "LED모듈 부속자재 외 기타"
                },
                {
                  "name": "킹브라이트렌즈",
                  "value": "킹브라이트렌즈"
                },
                {
                  "name": "기타등기구",
                  "value": "기타등기구"
                },
                {
                  "name": "LED패키지",
                  "value": "LED패키지"
                }
              ],
              "readOnly": false,
              "removed": false
            }
          ],
          "attemptToConvertTypes": false,
          "convertFieldsToString": false
        },
        "options": {
          "typecast": true
        }
      },
      "type": "n8n-nodes-base.airtable",
      "typeVersion": 2.1,
      "position": [
        400,
        -528
      ],
      "id": "bd7c7120-5bf7-4053-b671-78404d886f07",
      "name": "Update Table",
      "credentials": {
        "airtableTokenApi": {
          "id": "z5OjQuTdPV4EC5O3",
          "name": "Airtable Personal Access Token account"
        }
      }
    },
    {
      "parameters": {
        "authentication": "serviceAccount",
        "operation": "appendOrUpdate",
        "documentId": {
          "__rl": true,
          "value": "1ZuHVFhnJltG5Q2hdGO1kL_iPCJ9cmQ6C1JqqpIy5OmE",
          "mode": "list",
          "cachedResultName": "케이원솔루션 재고관리",
          "cachedResultUrl": "https://docs.google.com/spreadsheets/d/1ZuHVFhnJltG5Q2hdGO1kL_iPCJ9cmQ6C1JqqpIy5OmE/edit?usp=drivesdk"
        },
        "sheetName": {
          "__rl": true,
          "value": 809397942,
          "mode": "list",
          "cachedResultName": "위험재고",
          "cachedResultUrl": "https://docs.google.com/spreadsheets/d/1ZuHVFhnJltG5Q2hdGO1kL_iPCJ9cmQ6C1JqqpIy5OmE/edit#gid=809397942"
        },
        "columns": {
          "mappingMode": "defineBelow",
          "value": {
            "유니크키": "={{ $json['유니크키'] }}",
            "구분명": "={{ $json['구분명'] }}",
            "품목명[규격]": "={{ $json['품목명[규격]'] }}",
            "비고": "={{ $json['비고'] }}",
            "품목코드": "={{ $json['품목코드'] }}",
            "위험재고": "={{ $json['위험재고'] }}",
            "재고회전": "={{ $json['재고회전'] }}",
            "상태": "={{ $json['상태'] }}"
          },
          "matchingColumns": [
            "유니크키"
          ],
          "schema": [
            {
              "id": "구분명",
              "displayName": "구분명",
              "required": false,
              "defaultMatch": false,
              "display": true,
              "type": "string",
              "canBeUsedToMatch": true
            },
            {
              "id": "유니크키",
              "displayName": "유니크키",
              "required": false,
              "defaultMatch": false,
              "display": true,
              "type": "string",
              "canBeUsedToMatch": true,
              "removed": false
            },
            {
              "id": "품목명[규격]",
              "displayName": "품목명[규격]",
              "required": false,
              "defaultMatch": false,
              "display": true,
              "type": "string",
              "canBeUsedToMatch": true
            },
            {
              "id": "비고",
              "displayName": "비고",
              "required": false,
              "defaultMatch": false,
              "display": true,
              "type": "string",
              "canBeUsedToMatch": true
            },
            {
              "id": "품목코드",
              "displayName": "품목코드",
              "required": false,
              "defaultMatch": false,
              "display": true,
              "type": "string",
              "canBeUsedToMatch": true
            },
            {
              "id": "단가",
              "displayName": "단가",
              "required": false,
              "defaultMatch": false,
              "display": true,
              "type": "string",
              "canBeUsedToMatch": true,
              "removed": true
            },
            {
              "id": "전월수량",
              "displayName": "전월수량",
              "required": false,
              "defaultMatch": false,
              "display": true,
              "type": "string",
              "canBeUsedToMatch": true,
              "removed": true
            },
            {
              "id": "현재수량",
              "displayName": "현재수량",
              "required": false,
              "defaultMatch": false,
              "display": true,
              "type": "string",
              "canBeUsedToMatch": true,
              "removed": true
            },
            {
              "id": "금액",
              "displayName": "금액",
              "required": false,
              "defaultMatch": false,
              "display": true,
              "type": "string",
              "canBeUsedToMatch": true,
              "removed": true
            },
            {
              "id": "위험재고",
              "displayName": "위험재고",
              "required": false,
              "defaultMatch": false,
              "display": true,
              "type": "string",
              "canBeUsedToMatch": true
            },
            {
              "id": "재고회전",
              "displayName": "재고회전",
              "required": false,
              "defaultMatch": false,
              "display": true,
              "type": "string",
              "canBeUsedToMatch": true
            },
            {
              "id": "상태",
              "displayName": "상태",
              "required": false,
              "defaultMatch": false,
              "display": true,
              "type": "string",
              "canBeUsedToMatch": true
            }
          ],
          "attemptToConvertTypes": false,
          "convertFieldsToString": false
        },
        "options": {}
      },
      "type": "n8n-nodes-base.googleSheets",
      "typeVersion": 4.7,
      "position": [
        208,
        -528
      ],
      "id": "5121fb70-6b48-4bd9-8a73-edf9a207fbb8",
      "name": "Update Sheets",
      "credentials": {
        "googleApi": {
          "id": "nYGtrltODYG10hbC",
          "name": "Google Service Account account"
        }
      }
    }
  ],
  "pinData": {},
  "connections": {
    "Inventory Form": {
      "main": [
        [
          {
            "node": "Inventory Ending",
            "type": "main",
            "index": 0
          }
        ]
      ]
    },
    "Inventory Ending": {
      "main": [
        [
          {
            "node": "Inventory DB",
            "type": "main",
            "index": 0
          }
        ]
      ]
    },
    "Inventory DB": {
      "main": [
        [
          {
            "node": "If",
            "type": "main",
            "index": 0
          }
        ]
      ]
    },
    "If": {
      "main": [
        [
          {
            "node": "Inventory Sheets",
            "type": "main",
            "index": 0
          },
          {
            "node": "Update DB",
            "type": "main",
            "index": 0
          }
        ],
        [
          {
            "node": "No Operation",
            "type": "main",
            "index": 0
          }
        ]
      ]
    },
    "Inventory Sheets": {
      "main": [
        [
          {
            "node": "Inventory Table",
            "type": "main",
            "index": 0
          }
        ]
      ]
    },
    "Update Sheets": {
      "main": [
        [
          {
            "node": "Update Table",
            "type": "main",
            "index": 0
          }
        ]
      ]
    },
    "Update DB": {
      "main": [
        [
          {
            "node": "Update Sheets",
            "type": "main",
            "index": 0
          }
        ]
      ]
    }
  },
  "active": true,
  "settings": {
    "executionOrder": "v1",
    "timeSavedMode": "fixed",
    "callerPolicy": "workflowsFromSameOwner",
    "availableInMCP": true
  },
  "versionId": "c2d0abcc-799c-4b78-9aa5-1a93b6a37da3",
  "meta": {
    "templateCredsSetupCompleted": true,
    "instanceId": "ed29603280f689e433d162d6eb2f4c0ef594feb614602d9f72d06ccb3a8d3e19"
  },
  "id": "fFUCE4CRWtyrlwPt",
  "tags": []
}